﻿{
  "description": {
    "German": "",
    "English": "",
    "Polish": "",
    "Russian": "",
    "Hungarian": ""
  },

  "1": {
    "Name": "Rat",
    "Lord": {
      "StrengthMultiplier": 0.5,
      "DotColour": "Yellow",
      "DotCount": 5,
      "Type": "Europ"
    },
    "normal": {
      "Units": [ "Spearman" ],
      "Counts": [ 12 ]
    },
    "crusader": {
      "Units": [ "Spearman", "EuropArcher" ],
      "Counts": [ 30, 20 ]
    },
    "deathmatch": {
      "Units": [ "Spearman" ],
      "Counts": [ 12 ]
    }
  },
  "2": {
    "Name": "Snake",
    "Lord": {
      "StrengthMultiplier": 0.7,
      "DotColour": "Yellow",
      "DotCount": 3,
      "Type": "Europ"
    },
    "normal": {
      "Units": [ "EuropArcher", "Maceman" ],
      "Counts": [ 7, 5 ]
    },
    "crusader": {
      "Units": [ "Maceman", "EuropArcher", "Slinger" ],
      "Counts": [ 10, 10, 30 ]
    },
    "deathmatch": {
      "Units": [ "EuropArcher", "Maceman" ],
      "Counts": [ 7, 5 ]
    }
  },
  "3": {
    "Name": "Pig",
    "Lord": {
      "StrengthMultiplier": 1,
      "DotColour": "Yellow",
      "DotCount": 0,
      "Type": "Europ"
    },
    "normal": {
      "Units": [ "Crossbowman", "Maceman" ],
      "Counts": [ 2, 10 ]
    },
    "crusader": {
      "Units": [ "Crossbowman", "Maceman" ],
      "Counts": [ 20, 30 ]
    },
    "deathmatch": {
      "Units": [ "Crossbowman", "Maceman" ],
      "Counts": [ 2, 10 ]
    }
  },
  "4": {
    "Name": "Wolf",
    "Lord": {
      "StrengthMultiplier": 1.6,
      "DotColour": "Blue",
      "DotCount": 5,
      "Type": "Europ"
    },
    "normal": {
      "Units": [ "Swordsman", "Crossbowman", "EuropArcher" ],
      "Counts": [ 5, 2, 5 ]
    },
    "crusader": {
      "Units": [ "Swordsman", "Crossbowman", "Pikeman", "EuropArcher" ],
      "Counts": [ 10, 10, 10, 20 ]
    },
    "deathmatch": {
      "Units": [ "Swordsman", "Crossbowman", "EuropArcher" ],
      "Counts": [ 5, 2, 5 ]
    }
  },
  "5": {
    "Name": "Saladin",
    "Lord": {
      "StrengthMultiplier": 1.4,
      "DotColour": "Blue",
      "DotCount": 5,
      "Type": "Arab"
    },
    "normal": {
      "Units": [ "ArabSwordsman", "ArabArcher" ],
      "Counts": [ 6, 9 ]
    },
    "crusader": {
      "Units": [ "ArabSwordsman", "ArabArcher" ],
      "Counts": [ 10, 40 ]
    },
    "deathmatch": {
      "Units": [ "ArabSwordsman", "ArabArcher" ],
      "Counts": [ 6, 9 ]
    }
  },
  "6": {
    "Name": "Caliph",
    "Lord": {
      "StrengthMultiplier": 1,
      "DotColour": "None",
      "DotCount": 0,
      "Type": "Arab"
    },
    "normal": {
      "Units": [ "ArabSwordsman", "ArabArcher", "FireThrower" ],
      "Counts": [ 5, 5, 2 ]
    },
    "crusader": {
      "Units": [ "ArabArcher" ],
      "Counts": [ 50 ]
    },
    "deathmatch": {
      "Units": [ "ArabSwordsman", "ArabArcher", "FireThrower" ],
      "Counts": [ 5, 5, 2 ]
    }
  },
  "7": {
    "Name": "Sultan",
    "Lord": {
      "StrengthMultiplier": 0.9,
      "DotColour": "Yellow",
      "DotCount": 1,
      "Type": "Arab"
    },
    "normal": {
      "Units": [ "FireThrower", "Slinger" ],
      "Counts": [ 4, 8 ]
    },
    "crusader": {
      "Units": [ "Slinger", "ArabSwordsman" ],
      "Counts": [ 30, 20 ]
    },
    "deathmatch": {
      "Units": [ "FireThrower", "Slinger" ],
      "Counts": [ 4, 8 ]
    }
  },
  "8": {
    "Name": "Richard",
    "Lord": {
      "StrengthMultiplier": 1.8,
      "DotColour": "Blue",
      "DotCount": 4,
      "Type": "Europ"
    },
    "normal": {
      "Units": [ "Swordsman", "EuropArcher" ],
      "Counts": [ 3, 9 ]
    },
    "crusader": {
      "Units": [ "Swordsman", "EuropArcher", "Knight" ],
      "Counts": [ 10, 36, 4 ]
    },
    "deathmatch": {
      "Units": [ "Swordsman", "EuropArcher" ],
      "Counts": [ 3, 9 ]
    }
  },
  "9": {
    "Name": "Frederick",
    "Lord": {
      "StrengthMultiplier": 1.4,
      "DotColour": "Blue",
      "DotCount": 4,
      "Type": "Europ"
    },
    "normal": {
      "Units": [ "Swordsman", "Crossbowman" ],
      "Counts": [ 8, 4 ]
    },
    "crusader": {
      "Units": [ "Swordsman", "Crossbowman", "EuropArcher" ],
      "Counts": [ 10, 20, 20 ]
    },
    "deathmatch": {
      "Units": [ "Swordsman", "Crossbowman" ],
      "Counts": [ 8, 4 ]
    }
  },
  "10": {
    "Name": "Phillip",
    "Lord": {
      "StrengthMultiplier": 0.8,
      "DotColour": "Yellow",
      "DotCount": 2,
      "Type": "Europ"
    },
    "normal": {
      "Units": [ "Knight", "EuropArcher", "Monk" ],
      "Counts": [ 4, 4, 4 ]
    },
    "crusader": {
      "Units": [ "Knight", "EuropArcher", "Monk" ],
      "Counts": [ 20, 20, 10 ]
    },
    "deathmatch": {
      "Units": [ "Knight", "EuropArcher", "Monk" ],
      "Counts": [ 4, 4, 4 ]
    }
  },
  "11": {
    "Name": "Wazir",
    "Lord": {
      "StrengthMultiplier": 1.2,
      "DotColour": "Blue",
      "DotCount": 1,
      "Type": "Arab"
    },
    "normal": {
      "Units": [ "FireThrower", "ArabArcher", "HorseArcher" ],
      "Counts": [ 2, 6, 4 ]
    },
    "crusader": {
      "Units": [ "FireThrower", "ArabArcher", "ArabSwordsman", "HorseArcher" ],
      "Counts": [ 2, 30, 8, 10 ]
    },
    "deathmatch": {
      "Units": [ "FireThrower", "ArabArcher", "HorseArcher" ],
      "Counts": [ 2, 6, 4 ]
    }
  },
  "12": {
    "Name": "Emir",
    "Lord": {
      "StrengthMultiplier": 1,
      "DotColour": "None",
      "DotCount": 0,
      "Type": "Arab"
    },
    "normal": {
      "Units": [ "ArabSwordsman", "HorseArcher" ],
      "Counts": [ 8, 4 ]
    },
    "crusader": {
      "Units": [ "ArabSwordsman", "HorseArcher" ],
      "Counts": [ 5, 45 ]
    },
    "deathmatch": {
      "Units": [ "ArabSwordsman", "HorseArcher" ],
      "Counts": [ 8, 4 ]
    }
  },
  "13": {
    "Name": "Nizar",
    "Lord": {
      "StrengthMultiplier": 2.3,
      "DotColour": "Blue",
      "DotCount": 4,
      "Type": "Arab"
    },
    "normal": {
      "Units": [ "Assassin", "ArabArcher" ],
      "Counts": [ 4, 8 ]
    },
    "crusader": {
      "Units": [ "Assassin", "ArabArcher" ],
      "Counts": [ 10, 40 ]
    },
    "deathmatch": {
      "Units": [ "Assassin", "ArabArcher" ],
      "Counts": [ 4, 8 ]
    }
  },
  "14": {
    "Name": "Sheriff",
    "Lord": {
      "StrengthMultiplier": 0.7,
      "DotColour": "Blue",
      "DotCount": 1,
      "Type": "Europ"
    },
    "normal": {
      "Units": [ "FireThrower", "Crossbowman", "Maceman" ],
      "Counts": [ 1, 3, 8 ]
    },
    "crusader": {
      "Units": [ "FireThrower", "Crossbowman", "Maceman" ],
      "Counts": [ 2, 10, 38 ]
    },
    "deathmatch": {
      "Units": [ "FireThrower", "Crossbowman", "Maceman" ],
      "Counts": [ 1, 3, 8 ]
    }
  },
  "15": {
    "Name": "Marshal",
    "Lord": {
      "StrengthMultiplier": 1.0,
      "DotColour": "Blue",
      "DotCount": 1,
      "Type": "Europ"
    },
    "normal": {
      "Units": [ "Knight", "EuropArcher","Spearman" ],
      "Counts": [ 2, 6, 4 ]
    },
    "crusader": {
      "Units": [ "Knight", "EuropArcher","Spearman" ],
      "Counts": [ 10, 30, 10 ]
    },
    "deathmatch": {
      "Units": [ "Knight", "EuropArcher","Spearman" ],
      "Counts": [ 2, 6, 4 ]
    }
  },
  "16": {
    "Name": "Abbot",
    "Lord": {
      "StrengthMultiplier": 0.8,
      "DotColour": "Blue",
      "DotCount": 2,
      "Type": "Europ"
    },
    "normal": {
      "Units": [ "Monk", "EuropArcher" ],
      "Counts": [ 8, 4 ]
    },
    "crusader": {
      "Units": [ "Monk", "EuropArcher" ],
      "Counts": [ 30, 20 ]
    },
    "deathmatch": {
      "Units": [ "Monk", "EuropArcher" ],
      "Counts": [ 8, 4 ]
    }
  },
  "17": {
    "Name": "PlayerEurop",
    "normal": {
      "Units": [ "Spearman", "EuropArcher" ],
      "Counts": [ 7, 6 ]
    },
    "crusader": {
      "Units": [ "Knight", "Swordsman", "EuropArcher" ],
      "Counts": [ 4, 10, 40 ]
    },
    "deathmatch": {
      "Units": [ "Spearman", "EuropArcher" ],
      "Counts": [ 7, 6 ]
    }
  },
  "18": {
    "Name": "PlayerArab",
    "normal": {
      "Units": [ "Slave", "ArabArcher" ],
      "Counts": [ 16, 4 ]
    },
    "crusader": {
      "Units": [ "ArabSwordsman", "ArabArcher", "Slinger" ],
      "Counts": [ 10, 30, 50 ]
    },
    "deathmatch": {
      "Units": [ "Slave", "ArabArcher" ],
      "Counts": [ 16, 4 ]
    }
  }
}
